{"11-21":0.266666666666667,"02-04":0.1,"10-27":0.3,"02-09":0.333333333333333,"05-10":0.366666666666667,"01-10":0.166666666666667,"04-01":0.166666666666667,"12-06":0.2,"06-11":0.533333333333333,"08-10":0.433333333333333,"05-06":0.266666666666667,"03-23":0.5,"10-12":0.333333333333333,"11-14":0.166666666666667,"03-13":0.2,"08-12":0.533333333333333,"12-02":0.3,"02-15":0.266666666666667,"11-17":0.2,"03-11":0.3,"04-12":0.466666666666667,"01-13":0.133333333333333,"07-26":0.366666666666667,"05-03":0.433333333333333,"06-13":0.466666666666667,"05-16":0.333333333333333,"12-10":0.133333333333333,"06-30":0.6,"07-03":0.566666666666667,"02-12":0.333333333333333,"11-30":0.233333333333333,"11-28":0.266666666666667,"08-28":0.3,"09-16":0.566666666666667,"01-12":0.3,"01-21":0.266666666666667,"12-12":0.2,"03-01":0.6,"10-15":0.433333333333333,"05-04":0.266666666666667,"02-20":0.333333333333333,"06-08":0.366666666666667,"01-06":0.166666666666667,"05-01":0.4,"11-12":0.366666666666667,"10-07":0.466666666666667,"04-15":0.366666666666667,"03-07":0.266666666666667,"02-14":0.2,"07-23":0.366666666666667,"03-22":0.5,"05-26":0.333333333333333,"05-31":0.4,"08-31":0.433333333333333,"08-23":0.333333333333333,"12-13":0.2,"03-20":0.333333333333333,"08-13":0.233333333333333,"04-24":0.433333333333333,"10-31":0.266666666666667,"09-24":0.5,"12-26":0.233333333333333,"06-20":0.4,"07-07":0.366666666666667,"09-07":0.433333333333333,"02-06":0.133333333333333,"12-31":0.0666666666666667,"09-21":0.466666666666667,"04-11":0.5,"01-08":0.266666666666667,"06-04":0.2,"03-15":0.3,"01-11":0.1,"07-09":0.4,"08-29":0.3,"11-27":0.166666666666667,"10-14":0.433333333333333,"03-27":0.3,"03-03":0.3,"02-07":0.166666666666667,"02-03":0.2,"06-15":0.333333333333333,"10-30":0.266666666666667,"03-26":0.3,"02-28":0.3,"11-26":0.2,"03-25":0.4,"10-26":0.4,"06-05":0.266666666666667,"02-21":0.133333333333333,"11-19":0.2,"05-22":0.433333333333333,"08-18":0.3,"06-27":0.366666666666667,"12-18":0.2,"01-31":0.1,"03-14":0.3,"04-21":0.366666666666667,"02-24":0.3,"06-10":0.5,"05-20":0.466666666666667,"07-29":0.333333333333333,"07-13":0.433333333333333,"10-06":0.6,"01-22":0.266666666666667,"08-16":0.333333333333333,"06-23":0.5,"02-18":0.333333333333333,"07-16":0.233333333333333,"03-29":0.4,"01-04":0.166666666666667,"04-09":0.266666666666667,"04-14":0.366666666666667,"01-27":0.133333333333333,"05-21":0.3,"02-08":0.366666666666667,"05-09":0.4,"08-25":0.3,"10-22":0.3,"04-23":0.466666666666667,"06-22":0.466666666666667,"05-28":0.3,"07-22":0.233333333333333,"01-24":0.3,"06-17":0.333333333333333,"05-02":0.433333333333333,"10-05":0.433333333333333,"02-27":0.266666666666667,"05-29":0.366666666666667,"03-12":0.2,"11-01":0.433333333333333,"09-06":0.433333333333333,"01-19":0.233333333333333,"12-09":0.166666666666667,"10-20":0.3,"04-30":0.3,"12-28":0.2,"05-12":0.466666666666667,"05-17":0.366666666666667,"10-01":0.566666666666667,"12-30":0.1,"03-16":0.366666666666667,"06-28":0.433333333333333,"04-08":0.433333333333333,"08-22":0.2,"06-09":0.633333333333333,"10-04":0.333333333333333,"10-18":0.233333333333333,"02-11":0.233333333333333,"10-02":0.4,"07-04":0.566666666666667,"04-18":0.3,"08-04":0.266666666666667,"01-28":0.1,"07-24":0.3,"05-13":0.366666666666667,"06-06":0.333333333333333,"10-24":0.333333333333333,"12-01":0.333333333333333,"12-22":0.2,"02-25":0.266666666666667,"06-03":0.3,"04-19":0.466666666666667,"02-02":0.133333333333333,"01-23":0.3,"10-08":0.533333333333333,"12-27":0.233333333333333,"01-30":0.0666666666666667,"05-23":0.4,"10-29":0.333333333333333,"11-06":0.366666666666667,"09-11":0.433333333333333,"03-17":0.333333333333333,"12-24":0.1,"07-14":0.333333333333333,"10-11":0.4,"11-29":0.333333333333333,"12-16":0.1,"05-07":0.366666666666667,"03-02":0.3,"06-01":0.266666666666667,"01-26":0.3,"07-19":0.266666666666667,"09-17":0.433333333333333,"11-03":0.1,"04-16":0.366666666666667,"11-24":0.266666666666667,"04-29":0.266666666666667,"12-03":0.233333333333333,"07-30":0.333333333333333,"05-24":0.5,"01-25":0.166666666666667,"08-14":0.3,"09-09":0.4,"04-10":0.266666666666667,"06-18":0.433333333333333,"11-04":0.2,"03-21":0.3,"04-02":0.366666666666667,"03-08":0.2,"09-01":0.233333333333333,"12-05":0.166666666666667,"05-30":0.433333333333333,"07-02":0.366666666666667,"09-05":0.3,"11-02":0.166666666666667,"05-08":0.3,"04-20":0.366666666666667,"02-05":0.133333333333333,"09-08":0.366666666666667,"10-23":0.333333333333333,"11-20":0.4,"07-17":0.433333333333333,"08-08":0.233333333333333,"08-17":0.2,"06-02":0.233333333333333,"05-18":0.266666666666667,"12-11":0.233333333333333,"03-18":0.333333333333333,"10-17":0.333333333333333,"01-18":0.0666666666666667,"12-29":0.133333333333333,"08-11":0.2,"07-06":0.433333333333333,"10-28":0.333333333333333,"02-16":0.3,"06-14":0.433333333333333,"12-04":0.233333333333333,"07-25":0.4,"10-13":0.3,"04-07":0.4,"09-04":0.433333333333333,"06-24":0.466666666666667,"07-20":0.333333333333333,"05-05":0.266666666666667,"08-24":0.4,"11-22":0.133333333333333,"11-15":0.4,"09-15":0.566666666666667,"04-06":0.3,"05-25":0.333333333333333,"04-13":0.366666666666667,"08-09":0.166666666666667,"03-09":0.266666666666667,"07-05":0.5,"02-13":0.133333333333333,"01-17":0.2,"01-07":0.166666666666667,"03-30":0.466666666666667,"09-14":0.4,"11-11":0.366666666666667,"05-11":0.433333333333333,"12-17":0.2,"01-09":0.2,"11-10":0.333333333333333,"10-19":0.333333333333333,"01-14":0.133333333333333,"05-19":0.433333333333333,"09-03":0.366666666666667,"07-08":0.333333333333333,"09-02":0.333333333333333,"12-19":0.1,"09-13":0.4,"04-26":0.433333333333333,"11-09":0.366666666666667,"01-29":0.0666666666666667,"04-03":0.266666666666667,"10-25":0.333333333333333,"08-19":0.2,"11-25":0.3,"06-21":0.433333333333333,"09-27":0.366666666666667,"06-26":0.6,"09-26":0.433333333333333,"03-31":0.5,"05-27":0.466666666666667,"08-21":0.2,"09-20":0.4,"11-23":0.166666666666667,"12-20":0.1,"04-27":0.4,"08-20":0.133333333333333,"07-12":0.466666666666667,"03-04":0.433333333333333,"02-22":0.1,"05-14":0.433333333333333,"06-29":0.5,"10-16":0.266666666666667,"10-21":0.333333333333333,"09-10":0.333333333333333,"10-10":0.266666666666667,"06-25":0.466666666666667,"09-23":0.366666666666667,"02-29":0.142857142857143,"02-10":0.166666666666667,"03-24":0.4,"12-07":0.133333333333333,"08-01":0.266666666666667,"07-18":0.466666666666667,"03-05":0.333333333333333,"09-22":0.5,"06-07":0.266666666666667,"03-06":0.3,"12-15":0.1,"08-26":0.333333333333333,"11-08":0.266666666666667,"07-11":0.4,"09-18":0.366666666666667,"06-16":0.433333333333333,"12-23":0.0666666666666667,"05-15":0.466666666666667,"02-17":0.266666666666667,"01-02":0.0666666666666667,"04-25":0.466666666666667,"01-20":0.2,"08-30":0.3,"07-21":0.4,"08-07":0.266666666666667,"07-28":0.2,"11-16":0.2,"12-08":0.266666666666667,"06-12":0.433333333333333,"01-01":0.0333333333333333,"07-10":0.5,"04-17":0.2,"09-25":0.466666666666667,"10-03":0.266666666666667,"04-04":0.366666666666667,"07-01":0.6,"07-27":0.166666666666667,"11-18":0.233333333333333,"01-05":0.133333333333333,"07-31":0.266666666666667,"09-12":0.266666666666667,"03-28":0.266666666666667,"11-07":0.3,"11-05":0.2,"08-02":0.3,"08-03":0.166666666666667,"02-26":0.3,"11-13":0.2,"08-27":0.333333333333333,"02-01":0.266666666666667,"04-22":0.433333333333333,"08-15":0.233333333333333,"12-21":0.133333333333333,"07-15":0.333333333333333,"04-05":0.266666666666667,"09-19":0.3,"10-09":0.4,"12-25":0.0666666666666667,"09-28":0.233333333333333,"09-29":0.3,"03-19":0.366666666666667,"08-06":0.333333333333333,"02-19":0.2,"01-16":0.2,"01-03":0.1,"04-28":0.3,"08-05":0.366666666666667,"12-14":0.233333333333333,"02-23":0.233333333333333,"01-15":0.166666666666667,"03-10":0.3,"09-30":0.6,"06-19":0.433333333333333}